{
  "TP2": -0.0259999999999998,
  "TP3": 10.05,
  "H1": 3.048,
  "DV_pressure": -0.0219999999999984,
  "Reservoirs": 10.048,
  "Oil_temperature": 50.725,
  "Motor_current": 3.905,
  "COMP": 1,
  "DV_eletric": 0,
  "Towers": 1,
  "MPG": 1,
  "LPS": 0,
  "Pressure_switch": 1,
  "Oil_level": 1,
  "Caudal_impulses": 1
}
